id;phone;passport;created_at;is_google_account;is_facebook_account;is_twitter_account;image;rate;five_star;four_satr;three_star;two_star;one_star;detalis
1;974.494.8886 x1147;Ball Litas;2022-05-07T11:00:31;true;false;true;Assistant;30567;96257;50288;24414;11042;29009;Drive
2;295.922.2754;Oregon Account Associate;2022-05-07T01:46:25;true;true;false;Towels Steel teal;82924;65453;72355;19077;85667;99505;withdrawal Costa withdrawal
3;773-963-9997 x57696;redundant Carolina Computer;2022-05-06T22:10:38;false;false;false;bus;86017;46855;71958;819;76044;82910;revolutionary
4;841-440-4298 x291;COM;2022-05-07T05:14:27;false;false;true;Computer HDD;23843;72108;96214;69586;66125;90081;architect Account plum
5;508.857.1827 x289;Peso synergies Chips;2022-05-07T04:59:58;true;false;true;Internal;97109;24982;63282;16681;46437;74970;Plastic Berkshire multi-byte
6;1-789-333-1840 x0241;Lilangeni Baby;2022-05-07T17:02:52;true;true;true;context-sensitive envisioneer Dynamic;63469;84296;5107;63258;40157;38493;Music Branding
7;715-232-9124 x029;human-resource transmitter;2022-05-06T23:08:47;false;false;true;Marks withdrawal Refined;33214;25260;32771;47902;2572;40633;Serbia system
8;925.365.9551 x2732;calculating;2022-05-07T18:28:11;false;false;true;Generic Licensed ivory;84895;71762;38662;5595;45129;57982;Plastic
9;(707) 561-1176 x580;Cambridgeshire holistic;2022-05-07T18:37:25;true;true;false;backing user-facing AI;96204;81247;12243;38970;84094;94435;Expanded
10;466.304.0275 x19601;communities Switchable;2022-05-07T13:51:33;true;false;false;front-end;28554;42591;32365;35493;21755;24070;copying
